timestamp,simple-path,time
"2022-06-02 19:22:35.493","/master/welcome",2952
"2022-06-02 19:22:36.009","/master/welcome",471
"2022-06-02 19:22:37.676","/master/sign-in",1077
"2022-06-02 19:22:39.197","/master/welcome",550
"2022-06-02 19:22:40.448","/administrator/administrator-dashboard/show",1093
"2022-06-02 19:22:40.99","/master/welcome",495
"2022-06-02 19:22:41.605","/master/welcome",553
"2022-06-02 19:22:44.139","/master/welcome",442
"2022-06-02 19:22:46.779","/administrator/administrator-dashboard/show",587
"2022-06-02 19:22:47.289","/master/welcome",463
"2022-06-02 19:22:47.904","/master/sign-in",551
"2022-06-02 19:22:49.619","/master/welcome",556
"2022-06-02 19:22:50.148","/administrator/administrator-dashboard/show",467
"2022-06-02 19:22:50.667","/master/welcome",469
"2022-06-02 19:22:51.275","/master/welcome",550
"2022-06-02 19:22:53.794","/master/welcome",445
"2022-06-02 19:22:54.412","/master/sign-in",555
"2022-06-02 19:22:56.133","/master/welcome",566
"2022-06-02 19:22:56.671","/administrator/administrator-dashboard/show",476
"2022-06-02 19:22:57.191","/master/welcome",473
"2022-06-02 19:22:57.816","/master/welcome",562
"2022-06-02 19:23:01.307","/master/welcome",444
"2022-06-02 19:23:01.773","/master/welcome",437
"2022-06-02 19:23:02.389","/master/sign-in",553
"2022-06-02 19:23:04.102","/master/welcome",552
"2022-06-02 19:23:05.88","/inventor/chimpum/list",1093
"2022-06-02 19:23:07.218","/inventor/chimpum/show",563
"2022-06-02 19:23:08.226","/master/welcome",469
"2022-06-02 19:23:08.843","/master/welcome",554
"2022-06-02 19:23:11.366","/master/welcome",438
"2022-06-02 19:23:11.847","/master/welcome",449
"2022-06-02 19:23:12.468","/master/sign-in",558
"2022-06-02 19:23:14.164","/master/welcome",555
"2022-06-02 19:23:15.404","/inventor/chimpum/list",563
"2022-06-02 19:23:16.222","/inventor/chimpum/show",552
"2022-06-02 19:23:17.228","/master/welcome",458
"2022-06-02 19:23:17.841","/master/welcome",550
"2022-06-02 19:23:21.208","/master/welcome",437
"2022-06-02 19:23:21.682","/master/welcome",443
"2022-06-02 19:23:22.296","/master/sign-in",551
"2022-06-02 19:23:23.995","/master/welcome",548
"2022-06-02 19:23:25.233","/inventor/item/list-my-components",565
"2022-06-02 19:23:26.573","/inventor/item/show",1069
"2022-06-02 19:23:27.196","/inventor/chimpum/create",567
"2022-06-02 19:23:29.724","/inventor/item/show",559
"2022-06-02 19:23:30.922","/inventor/chimpum/list",549
"2022-06-02 19:23:32.927","/inventor/chimpum/show",555
"2022-06-02 19:23:34.546","/inventor/chimpum/list",553
"2022-06-02 19:23:37.261","/inventor/item/list-my-components",553
"2022-06-02 19:23:38.083","/inventor/item/show",561
"2022-06-02 19:23:38.598","/master/welcome",468
"2022-06-02 19:23:39.214","/master/welcome",552
"2022-06-02 19:23:41.741","/master/welcome",441
"2022-06-02 19:23:44.258","/inventor/chimpum/create",460
"2022-06-02 19:23:44.747","/master/welcome",440
"2022-06-02 19:23:45.364","/master/sign-in",556
"2022-06-02 19:23:47.076","/master/welcome",551
"2022-06-02 19:23:47.629","/inventor/chimpum/create",490
"2022-06-02 19:23:48.139","/master/welcome",463
"2022-06-02 19:23:48.753","/master/welcome",551
"2022-06-02 19:23:51.268","/master/welcome",445
"2022-06-02 19:23:51.885","/master/sign-in",554
"2022-06-02 19:23:53.591","/master/welcome",557
"2022-06-02 19:23:54.141","/inventor/chimpum/create",486
"2022-06-02 19:23:54.634","/master/welcome",446
"2022-06-02 19:23:55.251","/master/welcome",552
"2022-06-02 19:23:57.778","/master/welcome",446
"2022-06-02 19:24:00.293","/inventor/chimpum/delete",457
"2022-06-02 19:24:00.778","/master/welcome",439
"2022-06-02 19:24:01.391","/master/sign-in",552
"2022-06-02 19:24:03.104","/master/welcome",564
"2022-06-02 19:24:03.654","/inventor/chimpum/delete",488
"2022-06-02 19:24:04.175","/master/welcome",475
"2022-06-02 19:24:04.792","/master/welcome",555
"2022-06-02 19:24:07.292","/master/welcome",426
"2022-06-02 19:24:07.911","/master/sign-in",555
"2022-06-02 19:24:09.611","/master/welcome",551
"2022-06-02 19:24:10.131","/inventor/chimpum/delete",457
"2022-06-02 19:24:10.627","/master/welcome",451
"2022-06-02 19:24:11.252","/master/welcome",562
"2022-06-02 19:24:13.781","/master/welcome",440
"2022-06-02 19:24:14.25","/master/welcome",439
"2022-06-02 19:24:14.866","/master/sign-in",553
"2022-06-02 19:24:16.587","/master/welcome",564
"2022-06-02 19:24:17.296","/inventor/item/list-my-components",552
"2022-06-02 19:24:18.118","/inventor/item/show",550
"2022-06-02 19:24:18.731","/inventor/chimpum/create",550
"2022-06-02 19:24:20.758","/inventor/chimpum/create",560
"2022-06-02 19:24:21.263","/master/welcome",458
"2022-06-02 19:24:21.882","/master/welcome",555
"2022-06-02 19:24:24.396","/master/welcome",430
"2022-06-02 19:24:24.856","/master/welcome",430
"2022-06-02 19:24:25.475","/master/sign-in",558
"2022-06-02 19:24:27.178","/master/welcome",550
"2022-06-02 19:24:27.889","/inventor/item/list-my-components",555
"2022-06-02 19:24:28.711","/inventor/item/show",554
"2022-06-02 19:24:29.327","/inventor/chimpum/create",551
"2022-06-02 19:24:30.813","/inventor/chimpum/create",554
"2022-06-02 19:24:31.307","/master/welcome",448
"2022-06-02 19:24:31.929","/master/welcome",559
"2022-06-02 19:24:34.451","/master/welcome",434
"2022-06-02 19:24:34.919","/master/welcome",437
"2022-06-02 19:24:35.542","/master/sign-in",558
"2022-06-02 19:24:37.25","/master/welcome",555
"2022-06-02 19:24:37.965","/inventor/item/list-my-components",556
"2022-06-02 19:24:39.333","/inventor/item/show",567
"2022-06-02 19:24:39.945","/inventor/chimpum/create",550
"2022-06-02 19:24:41.418","/inventor/chimpum/create",563
"2022-06-02 19:24:41.925","/master/welcome",461
"2022-06-02 19:24:42.546","/master/welcome",559
"2022-06-02 19:24:45.08","/master/welcome",446
"2022-06-02 19:24:45.551","/master/welcome",441
"2022-06-02 19:24:46.178","/master/sign-in",565
"2022-06-02 19:24:47.891","/master/welcome",551
"2022-06-02 19:24:48.604","/inventor/item/list-my-components",558
"2022-06-02 19:24:49.433","/inventor/item/show",563
"2022-06-02 19:24:50.052","/inventor/chimpum/create",554
"2022-06-02 19:24:51.533","/inventor/chimpum/create",555
"2022-06-02 19:24:52.027","/master/welcome",456
"2022-06-02 19:24:52.64","/master/welcome",550
"2022-06-02 19:24:55.17","/master/welcome",439
"2022-06-02 19:24:55.644","/master/welcome",442
"2022-06-02 19:24:56.262","/master/sign-in",555
"2022-06-02 19:24:57.966","/master/welcome",552
"2022-06-02 19:24:58.679","/inventor/item/list-my-components",552
"2022-06-02 19:24:59.5","/inventor/item/show",553
"2022-06-02 19:25:00.118","/inventor/chimpum/create",555
"2022-06-02 19:25:01.628","/inventor/chimpum/create",565
"2022-06-02 19:25:02.134","/master/welcome",458
"2022-06-02 19:25:02.75","/master/welcome",555
"2022-06-02 19:25:05.283","/master/welcome",444
"2022-06-02 19:25:05.756","/master/welcome",442
"2022-06-02 19:25:06.372","/master/sign-in",553
"2022-06-02 19:25:08.079","/master/welcome",552
"2022-06-02 19:25:08.794","/inventor/item/list-my-components",556
"2022-06-02 19:25:09.616","/inventor/item/show",557
"2022-06-02 19:25:10.242","/inventor/chimpum/create",562
"2022-06-02 19:25:11.725","/inventor/chimpum/create",553
"2022-06-02 19:25:12.229","/master/welcome",456
"2022-06-02 19:25:12.842","/master/welcome",551
"2022-06-02 19:25:15.372","/master/welcome",436
"2022-06-02 19:25:15.847","/master/welcome",442
"2022-06-02 19:25:16.464","/master/sign-in",553
"2022-06-02 19:25:18.165","/master/welcome",551
"2022-06-02 19:25:18.871","/inventor/item/list-my-components",548
"2022-06-02 19:25:19.705","/inventor/item/show",562
"2022-06-02 19:25:20.32","/inventor/chimpum/create",552
"2022-06-02 19:25:21.823","/inventor/chimpum/create",550
"2022-06-02 19:25:22.326","/master/welcome",454
"2022-06-02 19:25:22.942","/master/welcome",553
"2022-06-02 19:25:25.492","/master/welcome",459
"2022-06-02 19:25:25.967","/master/welcome",446
"2022-06-02 19:25:26.579","/master/sign-in",551
"2022-06-02 19:25:28.296","/master/welcome",565
"2022-06-02 19:25:29.013","/inventor/item/list-my-components",561
"2022-06-02 19:25:29.832","/inventor/item/show",551
"2022-06-02 19:25:30.447","/inventor/chimpum/create",554
"2022-06-02 19:25:31.96","/inventor/chimpum/create",563
"2022-06-02 19:25:32.464","/master/welcome",458
"2022-06-02 19:25:33.082","/master/welcome",555
"2022-06-02 19:25:35.618","/master/welcome",444
"2022-06-02 19:25:36.087","/master/welcome",438
"2022-06-02 19:25:36.705","/master/sign-in",556
"2022-06-02 19:25:38.414","/master/welcome",553
"2022-06-02 19:25:39.128","/inventor/item/list-my-components",555
"2022-06-02 19:25:39.948","/inventor/item/show",551
"2022-06-02 19:25:40.565","/inventor/chimpum/create",552
"2022-06-02 19:25:42.045","/inventor/chimpum/create",559
"2022-06-02 19:25:42.578","/master/welcome",487
"2022-06-02 19:25:43.195","/master/welcome",552
"2022-06-02 19:25:45.711","/master/welcome",430
"2022-06-02 19:25:46.202","/master/welcome",459
"2022-06-02 19:25:46.819","/master/sign-in",555
"2022-06-02 19:25:48.527","/master/welcome",554
"2022-06-02 19:25:49.241","/inventor/item/list-my-components",555
"2022-06-02 19:25:50.064","/inventor/item/show",555
"2022-06-02 19:25:50.677","/inventor/chimpum/create",553
"2022-06-02 19:25:52.18","/inventor/chimpum/create",564
"2022-06-02 19:25:52.687","/master/welcome",458
"2022-06-02 19:25:53.299","/master/welcome",549
"2022-06-02 19:25:55.837","/master/welcome",442
"2022-06-02 19:25:56.31","/master/welcome",440
"2022-06-02 19:25:56.936","/master/sign-in",565
"2022-06-02 19:25:58.657","/master/welcome",556
"2022-06-02 19:25:59.367","/inventor/item/list-my-components",552
"2022-06-02 19:26:00.193","/inventor/item/show",558
"2022-06-02 19:26:00.814","/inventor/chimpum/create",557
"2022-06-02 19:26:02.395","/inventor/chimpum/create",553
"2022-06-02 19:26:02.893","/master/welcome",451
"2022-06-02 19:26:03.509","/master/welcome",553
"2022-06-02 19:26:06.021","/master/welcome",432
"2022-06-02 19:26:06.497","/master/welcome",445
"2022-06-02 19:26:07.115","/master/sign-in",556
"2022-06-02 19:26:08.826","/master/welcome",550
"2022-06-02 19:26:09.535","/inventor/item/list-my-components",552
"2022-06-02 19:26:10.354","/inventor/item/show",551
"2022-06-02 19:26:10.983","/inventor/chimpum/create",573
"2022-06-02 19:26:12.617","/inventor/chimpum/create",551
"2022-06-02 19:26:13.115","/master/welcome",450
"2022-06-02 19:26:13.732","/master/welcome",554
"2022-06-02 19:26:16.251","/master/welcome",425
"2022-06-02 19:26:16.726","/master/welcome",443
"2022-06-02 19:26:17.338","/master/sign-in",550
"2022-06-02 19:26:19.052","/master/welcome",556
"2022-06-02 19:26:19.762","/inventor/item/list-my-components",544
"2022-06-02 19:26:20.585","/inventor/item/show",554
"2022-06-02 19:26:21.204","/inventor/chimpum/create",556
"2022-06-02 19:26:22.688","/inventor/chimpum/create",555
"2022-06-02 19:26:23.194","/master/welcome",458
"2022-06-02 19:26:23.808","/master/welcome",551
"2022-06-02 19:26:26.34","/master/welcome",448
"2022-06-02 19:26:26.814","/master/welcome",442
"2022-06-02 19:26:27.429","/master/sign-in",553
"2022-06-02 19:26:29.145","/master/welcome",551
"2022-06-02 19:26:29.851","/inventor/item/list-my-components",549
"2022-06-02 19:26:30.678","/inventor/item/show",559
"2022-06-02 19:26:31.292","/inventor/chimpum/create",551
"2022-06-02 19:26:32.806","/inventor/chimpum/create",556
"2022-06-02 19:26:33.316","/master/welcome",462
"2022-06-02 19:26:33.934","/master/welcome",554
"2022-06-02 19:26:36.45","/master/welcome",429
"2022-06-02 19:26:36.922","/master/welcome",440
"2022-06-02 19:26:37.535","/master/sign-in",551
"2022-06-02 19:26:39.244","/master/welcome",555
"2022-06-02 19:26:39.965","/inventor/item/list-my-components",558
"2022-06-02 19:26:40.798","/inventor/item/show",554
"2022-06-02 19:26:41.414","/inventor/chimpum/create",553
"2022-06-02 19:26:42.9","/inventor/chimpum/create",549
"2022-06-02 19:26:43.405","/master/welcome",457
"2022-06-02 19:26:44.031","/master/welcome",563
"2022-06-02 19:26:46.563","/master/welcome",442
"2022-06-02 19:26:47.038","/master/welcome",444
"2022-06-02 19:26:47.652","/master/sign-in",552
"2022-06-02 19:26:49.361","/master/welcome",551
"2022-06-02 19:26:50.07","/inventor/item/list-my-components",553
"2022-06-02 19:26:50.894","/inventor/item/show",554
"2022-06-02 19:26:51.507","/inventor/chimpum/create",552
"2022-06-02 19:26:52.973","/inventor/chimpum/create",548
"2022-06-02 19:26:53.476","/master/welcome",456
"2022-06-02 19:26:54.1","/master/welcome",560
"2022-06-02 19:26:57.474","/master/welcome",441
"2022-06-02 19:26:59.987","/inventor/chimpum/list",457
"2022-06-02 19:27:00.476","/master/welcome",443
"2022-06-02 19:27:01.098","/master/sign-in",559
"2022-06-02 19:27:02.779","/master/welcome",554
"2022-06-02 19:27:03.336","/inventor/chimpum/list",493
"2022-06-02 19:27:03.855","/master/welcome",471
"2022-06-02 19:27:04.474","/master/welcome",555
"2022-06-02 19:27:06.984","/master/welcome",441
"2022-06-02 19:27:07.6","/master/sign-in",555
"2022-06-02 19:27:09.301","/master/welcome",552
"2022-06-02 19:27:09.827","/inventor/chimpum/list",466
"2022-06-02 19:27:10.315","/master/welcome",442
"2022-06-02 19:27:10.935","/master/welcome",556
"2022-06-02 19:27:13.469","/master/welcome",442
"2022-06-02 19:27:13.941","/master/welcome",440
"2022-06-02 19:27:14.557","/master/sign-in",555
"2022-06-02 19:27:16.254","/master/welcome",558
"2022-06-02 19:27:17.492","/inventor/chimpum/list",551
"2022-06-02 19:27:19.953","/master/welcome",440
"2022-06-02 19:27:20.428","/master/welcome",444
"2022-06-02 19:27:21.046","/master/sign-in",555
"2022-06-02 19:27:22.754","/master/welcome",554
"2022-06-02 19:27:23.985","/inventor/chimpum/list",553
"2022-06-02 19:27:24.807","/inventor/chimpum/show",552
"2022-06-02 19:27:27.298","/inventor/chimpum/list",558
"2022-06-02 19:27:29.842","/master/welcome",490
"2022-06-02 19:27:30.456","/master/welcome",553
"2022-06-02 19:27:32.984","/master/welcome",438
"2022-06-02 19:27:35.487","/inventor/chimpum/update",454
"2022-06-02 19:27:35.973","/master/welcome",431
"2022-06-02 19:27:36.58","/master/sign-in",554
"2022-06-02 19:27:38.305","/master/welcome",561
"2022-06-02 19:27:38.856","/inventor/chimpum/update",487
"2022-06-02 19:27:39.384","/master/welcome",481
"2022-06-02 19:27:39.995","/master/welcome",551
"2022-06-02 19:27:42.513","/master/welcome",442
"2022-06-02 19:27:43.133","/master/sign-in",556
"2022-06-02 19:27:44.844","/master/welcome",558
"2022-06-02 19:27:45.392","/inventor/chimpum/update",485
"2022-06-02 19:27:45.893","/master/welcome",453
"2022-06-02 19:27:46.517","/master/welcome",565
"2022-06-02 19:27:49.073","/master/welcome",446
"2022-06-02 19:27:49.559","/master/welcome",456
"2022-06-02 19:27:50.173","/master/sign-in",550
"2022-06-02 19:27:51.865","/master/welcome",552
"2022-06-02 19:27:53.101","/inventor/chimpum/list",555
"2022-06-02 19:27:54.465","/inventor/chimpum/show",564
"2022-06-02 19:27:55.945","/inventor/chimpum/update",562
"2022-06-02 19:27:56.461","/master/welcome",467
"2022-06-02 19:27:57.078","/master/welcome",554
"2022-06-02 19:27:59.616","/master/welcome",445
"2022-06-02 19:28:00.089","/master/welcome",441
"2022-06-02 19:28:00.707","/master/sign-in",555
"2022-06-02 19:28:02.424","/master/welcome",563
"2022-06-02 19:28:03.665","/inventor/chimpum/list",1084
"2022-06-02 19:28:05.016","/inventor/chimpum/show",553
"2022-06-02 19:28:06.478","/inventor/chimpum/update",555
"2022-06-02 19:28:06.986","/master/welcome",461
"2022-06-02 19:28:07.598","/master/welcome",551
"2022-06-02 19:28:10.113","/master/welcome",425
"2022-06-02 19:28:10.588","/master/welcome",445
"2022-06-02 19:28:11.203","/master/sign-in",551
"2022-06-02 19:28:12.918","/master/welcome",563
"2022-06-02 19:28:14.158","/inventor/chimpum/list",1084
"2022-06-02 19:28:15.497","/inventor/chimpum/show",553
"2022-06-02 19:28:16.974","/inventor/chimpum/update",557
"2022-06-02 19:28:17.484","/master/welcome",463
"2022-06-02 19:28:18.113","/master/welcome",565
"2022-06-02 19:28:20.643","/master/welcome",440
"2022-06-02 19:28:21.119","/master/welcome",444
"2022-06-02 19:28:21.736","/master/sign-in",553
"2022-06-02 19:28:23.444","/master/welcome",555
"2022-06-02 19:28:24.671","/inventor/chimpum/list",550
"2022-06-02 19:28:26.011","/inventor/chimpum/show",554
"2022-06-02 19:28:27.484","/inventor/chimpum/update",558
"2022-06-02 19:28:28.025","/master/welcome",493
"2022-06-02 19:28:28.653","/master/welcome",565
"2022-06-02 19:28:31.171","/master/welcome",430
"2022-06-02 19:28:31.658","/master/welcome",456
"2022-06-02 19:28:32.28","/master/sign-in",558
"2022-06-02 19:28:33.969","/master/welcome",554
"2022-06-02 19:28:35.195","/inventor/chimpum/list",552
"2022-06-02 19:28:36.545","/inventor/chimpum/show",550
"2022-06-02 19:28:38.008","/inventor/chimpum/update",549
"2022-06-02 19:28:38.514","/master/welcome",458
"2022-06-02 19:28:39.13","/master/welcome",553
"2022-06-02 19:28:41.68","/master/welcome",467
"2022-06-02 19:28:42.14","/master/welcome",429
"2022-06-02 19:28:42.756","/master/sign-in",553
"2022-06-02 19:28:44.479","/master/welcome",562
"2022-06-02 19:28:45.727","/inventor/chimpum/list",559
"2022-06-02 19:28:47.067","/inventor/chimpum/show",553
"2022-06-02 19:28:48.548","/inventor/chimpum/update",551
"2022-06-02 19:28:49.051","/master/welcome",455
"2022-06-02 19:28:49.677","/master/welcome",564
"2022-06-02 19:28:52.207","/master/welcome",441
"2022-06-02 19:28:52.681","/master/welcome",442
"2022-06-02 19:28:53.297","/master/sign-in",553
"2022-06-02 19:28:55.0","/master/welcome",556
"2022-06-02 19:28:56.232","/inventor/chimpum/list",552
"2022-06-02 19:28:57.579","/inventor/chimpum/show",562
"2022-06-02 19:28:59.064","/inventor/chimpum/update",551
"2022-06-02 19:28:59.596","/master/welcome",484
"2022-06-02 19:29:00.223","/master/welcome",568
"2022-06-02 19:29:02.756","/master/welcome",452
"2022-06-02 19:29:03.25","/master/welcome",462
"2022-06-02 19:29:03.875","/master/sign-in",560
"2022-06-02 19:29:05.597","/master/welcome",565
"2022-06-02 19:29:06.834","/inventor/chimpum/list",557
"2022-06-02 19:29:08.177","/inventor/chimpum/show",554
"2022-06-02 19:29:09.671","/inventor/chimpum/update",551
"2022-06-02 19:29:10.186","/master/welcome",469
"2022-06-02 19:29:10.808","/master/welcome",559
"2022-06-02 19:29:13.324","/master/welcome",429
"2022-06-02 19:29:13.799","/master/welcome",445
"2022-06-02 19:29:14.422","/master/sign-in",562
"2022-06-02 19:29:16.12","/master/welcome",550
"2022-06-02 19:29:17.372","/inventor/chimpum/list",1094
"2022-06-02 19:29:18.73","/inventor/chimpum/show",564
"2022-06-02 19:29:20.212","/inventor/chimpum/update",552
"2022-06-02 19:29:20.73","/master/welcome",470
"2022-06-02 19:29:21.347","/master/welcome",552
"2022-06-02 19:29:23.884","/master/welcome",443
"2022-06-02 19:29:24.373","/master/welcome",456
"2022-06-02 19:29:24.985","/master/sign-in",549
"2022-06-02 19:29:26.701","/master/welcome",560
"2022-06-02 19:29:27.944","/inventor/chimpum/list",567
"2022-06-02 19:29:29.294","/inventor/chimpum/show",560
"2022-06-02 19:29:30.787","/inventor/chimpum/update",567
"2022-06-02 19:29:31.313","/master/welcome",481
"2022-06-02 19:29:31.938","/master/welcome",562
"2022-06-02 19:29:34.489","/master/welcome",464
"2022-06-02 19:29:34.963","/master/welcome",442
"2022-06-02 19:29:35.587","/master/sign-in",564
"2022-06-02 19:29:37.296","/master/welcome",563
"2022-06-02 19:29:38.533","/inventor/chimpum/list",563
"2022-06-02 19:29:39.904","/inventor/chimpum/show",553
"2022-06-02 19:29:41.474","/inventor/chimpum/update",565
"2022-06-02 19:29:41.98","/master/welcome",459
"2022-06-02 19:29:42.609","/master/welcome",569
"2022-06-02 19:29:45.143","/master/welcome",440
"2022-06-02 19:29:45.603","/master/welcome",429
"2022-06-02 19:29:46.225","/master/sign-in",561
"2022-06-02 19:29:47.931","/master/welcome",565
"2022-06-02 19:29:49.18","/inventor/chimpum/list",562
"2022-06-02 19:29:50.53","/inventor/chimpum/show",551
"2022-06-02 19:29:52.155","/inventor/chimpum/update",561
"2022-06-02 19:29:52.671","/master/welcome",469
"2022-06-02 19:29:53.293","/master/welcome",559
"2022-06-02 19:29:55.842","/master/welcome",455
"2022-06-02 19:29:56.319","/master/welcome",446
"2022-06-02 19:29:56.944","/master/sign-in",564
"2022-06-02 19:29:58.654","/master/welcome",565
"2022-06-02 19:29:59.878","/inventor/chimpum/list",1067
"2022-06-02 19:30:01.234","/inventor/chimpum/show",560
"2022-06-02 19:30:02.722","/inventor/chimpum/update",549
"2022-06-02 19:30:03.225","/master/welcome",456
"2022-06-02 19:30:03.844","/master/welcome",556
"2022-06-02 19:30:06.131","/master/welcome",207
"2022-06-02 19:30:06.366","/master/welcome",204
"2022-06-02 19:30:06.981","/master/sign-in",552
"2022-06-02 19:30:08.452","/master/welcome",556
"2022-06-02 19:30:09.694","/inventor/chimpum/list",1082
"2022-06-02 19:30:10.513","/inventor/chimpum/show",550
"2022-06-02 19:30:12.005","/inventor/chimpum/update",549
"2022-06-02 19:30:12.274","/master/welcome",220
"2022-06-02 19:30:12.903","/master/welcome",567
"2022-06-02 19:30:15.217","/master/welcome",223
"2022-06-02 19:30:15.456","/master/welcome",206
"2022-06-02 19:30:16.095","/master/sign-in",557
"2022-06-02 19:30:17.541","/master/welcome",552
"2022-06-02 19:30:18.768","/inventor/chimpum/list",1071
"2022-06-02 19:30:19.585","/inventor/chimpum/show",550
"2022-06-02 19:30:21.09","/inventor/chimpum/update",560
"2022-06-02 19:30:21.357","/master/welcome",220
"2022-06-02 19:30:21.975","/master/welcome",554
"2022-06-02 19:30:24.273","/master/welcome",208
"2022-06-02 19:30:24.508","/master/welcome",205
"2022-06-02 19:30:25.124","/master/sign-in",553
"2022-06-02 19:30:26.586","/master/welcome",551
"2022-06-02 19:30:27.302","/inventor/chimpum/list",558
"2022-06-02 19:30:28.124","/inventor/chimpum/show",552
"2022-06-02 19:30:29.629","/inventor/chimpum/update",565
"2022-06-02 19:30:29.897","/master/welcome",221
"2022-06-02 19:30:30.512","/master/welcome",551
"2022-06-02 19:30:32.81","/master/welcome",207
"2022-06-02 19:30:33.046","/master/welcome",205
"2022-06-02 19:30:33.668","/master/sign-in",558
"2022-06-02 19:30:35.153","/master/welcome",565
"2022-06-02 19:30:35.885","/inventor/chimpum/list",566
"2022-06-02 19:30:36.753","/inventor/chimpum/show",554
"2022-06-02 19:30:38.235","/inventor/chimpum/update",551
"2022-06-02 19:30:38.515","/master/welcome",235
"2022-06-02 19:30:39.127","/master/welcome",551
